[
    {
        "id": "580559509",
        "type": "post",
        "title": "Why did the war start?",
        "content": "The first world war, or great war as it’s often known, started in 1914. There were many complex, multifaceted causes of the war, but it’s generally agreed by most historians that the war started when Archduke Franz Ferdinand, heir to the Austro-Hungarian throne, was assassinated. This was the trigger that caused the war to begin, and several European powers who had not been on great terms anyway, were brought into conflict.\n\nThe first world war was the first large scale war to be fought using modern, mechanised warfare and as such as was one of the bloodiest conflicts in human history, with 16 million soldiers and civilians having perished before its end in 1918. Modern mechanisms of death, such as tanks, machine-guns, and aircraft, faced off against more traditional forms of warfare, including infantry advances and mounted combat. While the war has gained a reputation for pointless, unmitigated slaughter, it also was saw a great deal of heroism.\n\nSome historians claim that ways the war itself never really ended, as the causes of the second world war can be traced directly to the first."
    },
    {
        "id": "1996971593",
        "type": "slideshow",
        "title": "War in images",
        "images": [
            {
                "title": "A soldier uses a periscope to look over the top of a trench",
                "src": "images/slide4.jpg"
            },
            {
                "title": "British troops operate an 18-pound artillery gun",
                "src": "images/slide5.jpg"
            },
            {
                "title": "Female munitions workers resting during lunch break",
                "src": "images/slide6.jpg"
            },
            {
                "title": "Lance Corporal A. K. Croker of the Lancashire Hussars",
                "src": "images/slide7.jpg"
            },
            {
                "title": "Soldiers go 'over the top' in trench warfare",
                "src": "images/slide8.jpg"
            }
        ]
    },
    {
        "id": "3458830900",
        "type": "video",
        "title": "Basic training",
        "description": "This low-res video from the US army shows induction and basic training of soldiers during the first world war.",
        "src": "videos/basic_training.mp4",
        "contentType": "video/mp4"
    },
    {
        "id": "2384089331",
        "type": "image",
        "title": "Countries of the war",
        "description": "This map shows the countries involved in the first world war",
        "src": "images/map.jpg"
    },
    {
        "id": "2295378246",
        "type": "slideshow",
        "title": "Vehicals of the war",
        "images": [
            {
                "title": "Soldiers atop an armoured car",
                "src": "images/armored_car.jpg"
            },
            {
                "title": "The Mark IV British tank known as 'Little Willie'",
                "src": "images/Mark_IV.jpg"
            },
            {
                "title": "An Albatros D.II German bi-plane",
                "src": "images/albatros.jpg"
            },
            {
                "title": "Warship HMS Gloucester Italy 1917",
                "src": "images/hms_gloucester.jpg"
            },
            {
                "title": "Warship HMS Gloucester Italy 1917",
                "src": "images/hms_gloucester.jpg"
            }
        ]
    },
    {
        "id": "3537157927",
        "type": "heroes",
        "title": "Heroes of the great war",
        "heroes": [
            {
                "title": "[Allen [sic] Oswald Coker]",
                "publDate": 1918,
                "descript": "reference in newspaper",
                "history": "Of 5th Pioneer Battalion (5th Pioneers)  from Prospect  killed in action 29 July 1918, France.",
                "subject": "Coker, Allan Oswald, 1879-1918;World War, 1914-1918 -- South Australia",
                "source": "Chronicle, 17 August 1918, p. 27, col. b;Chronicle, 31 August 1918, p. 39, col. a;Chronicle, 26 October 1918, p. 38, col. a",
                "addedName": ""
            },
            {
                "title": "[Private H. W. Richards]",
                "publDate": 1918,
                "descript": "portrait (17 August, p. 26);reference in newspaper",
                "history": "Private, 11th Reinforcements, 10th Battalion  from Woodville  killed in action 7 July 1918, aged 29  electricity meter inspector  third son of Mr. and Mrs. W. Richards.",
                "subject": "Richards, Harold William, 1889-1918;World War, 1914-1918 -- South Australia",
                "source": "Chronicle, 17 August 1918, p. 26, col. b  p. 39, col. a;Chronicle, 10 August 1918, p. 39, col. c",
                "addedName": ""
            },
            {
                "title": "[Private Maurice Theobald]",
                "publDate": 1918,
                "descript": "reference in newspaper;portrait (2 November, p. 26)",
                "history": "Private, service number 4863, 43rd Battalion  from Meadows  killed in action 26 August 1918, France, aged 23 years and 7 months  banker  eldest son of Rev. Thomas and Mrs Theobald, fiance of Laura Genge.",
                "subject": "Theobald, Maurice James, 1895-1918;World War, 1914-1918 -- South Australia",
                "source": "Chronicle, 14 September 1918, p. 27, col. e;Chronicle, 21 September 1918, p. 27, col. c;Chronicle, 2 November 1918, p. 26, col. d  p. 38, col. b",
                "addedName": ""
            },
            {
                "title": "[Private George Danford Neave]",
                "publDate": 1918,
                "descript": "reference in newspaper",
                "history": "Private, 10th Battalion  killed in action 18 September 1915, Gallipoli  cousin of Fred and Stella.",
                "subject": "Neave, George Danford, 1894-1915;World War, 1914-1918 -- South Australia",
                "source": "Chronicle, 14 September 1918, p. 28, col. b;Chronicle, 21 September 1918, p. 28, col. e",
                "addedName": ""
            },
            {
                "title": "[Lieutenant Frank Rosevear]",
                "publDate": 1918,
                "descript": "reference in newspaper;portrait",
                "history": "Lieutenant (acting Captain), 13th London Regiment  from Meadowside  killed in action 23 August 1918, aged 25  brother of L. A. Wilde and Captain Archie Rosevear (invalided out, London), son of Mrs. E. C. Rosevear.",
                "subject": "Rosevear, Frank, d. 1918.;World War, 1914-1918 -- South Australia",
                "source": "Chronicle, 7 September 1918, p. 27, col. c;Chronicle, 14 September 1918, p. 24, col. a  p.38, col. d",
                "addedName": ""
            },
            {
                "title": "[Private Harry Emsley]",
                "publDate": 1918,
                "descript": "reference in newspaper;portrait",
                "history": "Private, 16th Battalion  from Prospect  killed in action 8 August 1918, France, aged 34  fourth son of Mrs. J. E. Emsley.",
                "subject": "Emsley, Harry, 1884-1918;World War, 1914-1918 -- South Australia",
                "source": "Chronicle, 14 September 1918, p. 24, col. b  p. 38, col. c",
                "addedName": ""
            },
            {
                "title": "[Private L. Dodd]",
                "publDate": 1918,
                "descript": "reference in newspaper;portrait",
                "history": "Private, 43rd Battalion, service number 4776  from Broken Hill  killed in action 22 August 1918, France, aged 20.",
                "subject": "Dodd, Lindsay Ray, 1897-1918;World War, 1914-1918 -- South Australia",
                "source": "Chronicle, 14 September 1918, p. 24, col. b;Chronicle, 28 September 1918, p. 38, col. d;Chronicle, 19 October 1918, p. 37, col. d",
                "addedName": ""
            },
            {
                "title": "[Lieutenant Sydney C. Stockham]",
                "publDate": 1918,
                "descript": "reference in newspaper;portrait",
                "history": "Lieutenant, 27th Battalion  from Fullarton  died of wounds 18 August 1918, France, aged 28  youngest son of G. W. and S. Stockham.",
                "subject": "Stockham, Sydney C., 1889-1918;World War, 1914-1918 -- South Australia",
                "source": "Chronicle, 7 September 1918, p. 27, col. c;Chronicle, 14 September 1918, p. 24, col. c  p. 38, col. d",
                "addedName": ""
            },
            {
                "title": "[Lieutenant Alfred H. Moss]",
                "publDate": 1918,
                "descript": "reference in newspaper;portrait",
                "history": "Lieutenant, original 10th Battalion  from Smithfield  drowned from the torpedoed hospital ship Warilda, aged 21  second son of Mrs. A. M. Moss  brother of Howard and Cyril.",
                "subject": "Moss, Alfred Hubert, 1896-1918;World War, 1914-1918 -- South Australia",
                "source": "Chronicle, 17 August 1918, p. 27, col. c;Chronicle, 14 September 1918, p. 24, col. d",
                "addedName": ""
            },
            {
                "title": "[Private Claud William Mason]",
                "publDate": 1918,
                "descript": "reference in newspaper;portrait",
                "history": "Private, D Company, 48th Battalion  from O'Halloran Hill  killed in action 8 August 1918, France, aged 23  youngest son of Mr. and Mrs. J. W. Mason  student Surveyor.",
                "subject": "Mason, Claud William, 1894-1918;World War, 1914-1918 -- South Australia",
                "source": "Chronicle, 31 August 1918, p. 27, col. e;Chronicle, 28 September 1918, p. 34, col. e  p. 39, col. a;Chronicle, 14 September 1918, p. 24, col. d",
                "addedName": ""
            },
            {
                "title": "[Sergeant Percy Oliver Gunn]",
                "publDate": 1918,
                "descript": "reference in newspaper;portrait (14 September)",
                "history": "Sergeant, service number 816, 2nd Machine Gun Battalion  from Adelaide  died of wounds 9 August 1918, France, aged 29  youngest son, brother of Mrs. A. E. Moller and Mrs. A. R. Wenzel.",
                "subject": "Gunn, Percy Oliver, 1889-1918;World War, 1914-1918 -- South Australia",
                "source": "Chronicle, 31 August 1918, p. 31, col. c  p. 39, col. a;Chronicle, 7 September 1918, p. 39, col. b;Chronicle, 14 September 1918, p. 24, col. e",
                "addedName": ""
            },
            {
                "title": "[Private B. C. Dawe]",
                "publDate": 1918,
                "descript": "reference in newspaper;portrait",
                "history": "Private  from Port Adelaide  killed in action 11 August 1918  married.",
                "subject": "Dawe, Bertie Chloride, 1887-1918;World War, 1914-1918 -- South Australia",
                "source": "Chronicle, 14 September 1918, p. 24, col. e  p. 38, col. c",
                "addedName": ""
            },
            {
              "title": "[Driver Arthur Cooper]",
              "publDate": 1918,
              "descript": "reference in newspaper;portrait",
              "history": "Driver  killed in action 22 August 1918, France  sixth son of W.S. and M.M. Cooper.",
              "subject": "Cooper, Arthur, 1896-1918;World War, 1914-1918 -- South Australia",
              "source": "Chronicle, 14 September 1918, p. 24, col. e  p. 27, col. c  p. 38, col. c",
              "addedName": ""
            },
            {
              "title": "[Corporal George L. Grinter]",
              "publDate": 1918,
              "descript": "reference in newspaper;portrait (14 September, p. 24)",
              "history": "Corporal, 43rd Battalion, service number 71  from Bowden  killed in action 23 August 1918, France  aged 20  son of Staff Sergeant-Major and Mrs. Grinter, brother of Ethel, Stan and Ben.",
              "subject": "Grinter, George Leslie, 1898-1918;World War, 1914-1918 -- South Australia",
              "source": "Chronicle, 14 September 1918, p. 24, col. f  p. 27, col. c;Chronicle, 28 September 1918, p. 38, col. e;Chronicle, 19 October 1918, p. 37, col. d",
              "addedName": ""
            },
            {
              "title": "[Private William Taylor]",
              "publDate": 1918,
              "descript": "reference in newspaper;portrait (14 September, p. 24)",
              "history": "Private, 13th Field Ambulance  from Clare  killed in action 8 August 1918, France, aged 21  eldest son of Mr. and Mrs. W. I. Taylor.",
              "subject": "Taylor, William Gordon, 1896-1918;World War, 1914-1918 -- South Australia",
              "source": "Chronicle, 31 August 1918, p. 27, col. c;Chronicle, 14 September 1918, p. 24, col. f  p. 38, col. d",
              "addedName": ""
            },
            {
              "title": "[Private Sydney Oldfield]",
              "publDate": 1918,
              "descript": "reference in newspaper;portrait (page 24)",
              "history": "Private, 10th Battalion  from Milang  killed in action 10 August 1918, France  son of Mrs R. Oldfield, brother of the late Sergeant E. Oldfield.",
              "subject": "Oldfield, Sydney Herbert, 1883-1918;World War, 1914-1918 -- South Australia",
              "source": "Chronicle, 14 September 1918, p. 24, col. f  p. 38, col. d",
              "addedName": ""
            },
            {
              "title": "[Private A. G. Chatfield]",
              "publDate": 1918,
              "descript": "reference in newspaper;portrait (31 August, p. 27)",
              "history": "Private, 9th Reinforcements, 10th Battalion, AIF  from Eastwood  killed in action 1 August 1918, aged 34  husband of Edith (nee Kearns), father of Arthur and Ruth, son of Mr. and Mrs. F. Chatfield.",
              "subject": "Chatfield, Alfred George, 1884-1918;World War, 1914-1918 -- South Australia",
              "source": "Chronicle, 31 August 1918, p. 27, col. c and d  p. 39, col. a;Chronicle, 14 September 1918, p. 24, col. g",
              "addedName": ""
            },
            {
              "title": "[Private Henry S. Baker]",
              "publDate": 1918,
              "descript": "reference in newspaper",
              "history": "Private, 10th Battalion  from Stone Hut  killed in action 10 August 1918, France  third son of Mr. and Mrs. William Thomas Baker",
              "subject": "Baker, Henry Squire, 1881-1918;World War, 1914-1918 -- South Australia",
              "source": "Chronicle, 14 September 1918, p. 38, col. c;Chronicle, 19 October 1918, p. 37, col. d",
              "addedName": ""
            }            
        ]
    },
    {
        "id": "2869511261",
        "type": "quiz",
        "title": "The Great War Quiz",
        "description": "Try out your knowledge and see what you know in our world war one quiz!",
        "questions": [
            {
                "text": "When did the war begin and end?",
                "correctIndex": 2,
                "options": [
                    "1910 - 1920",
                    "1899 - 1904",
                    "1914 - 1918",
                    "1939 - 1945"
                ]
            },
            {
                "text": "Roughly how many people died in the great war?",
                "correctIndex": 0,
                "options": [
                    "16,000,000",
                    "5,000,000",
                    "1,200,000",
                    "40,000,000"
                ]
            },
            {
                "text": "Whose death is said to have triggered the war?",
                "correctIndex": 3,
                "options": [
                    "Queen Victoria",
                    "Kaiser Wilhelm",
                    "King George V",
                    "Archduke Franz Ferdinand",
                    "Charlie Chaplin"
                ]
            },
            {
                "text": "Which battalion was hero Allen Oswald Coker in?",
                "correctIndex": 1,
                "options": [
                    "Royal Engineers",
                    "5th Pioneers",
                    "The Rifles",
                    "Coldstream Guards"
                ]
            },
            {
                "text": "Which were the two sides in the war?",
                "correctIndex": 3,
                "options": [
                    "Central Powers",
                    "Allied Powers",
                    "Neutral Countries",
                    "All of the Above"
                ]
            }
        ],
        "currentAnswers": [],
        "answers": []
    }
]